delete from "user";
delete from "event";
delete from "topic";
delete from "carousel";
delete from "reward";
delete from "badge";

-- Mocked Tables - START ---
insert into event (id, current_booking, description, landscape_image_url, location, max_capacity, points_for_registering, points_for_scanning_ticket, points_for_submitting_survey, points_for_submitting_quiz, portrait_image_url, title, topic_id, waiting_capacity, first_session_start, last_session_end) VALUES
 ('00000000-0000-0000-0002-000000000001', 10, 'description 1', 'http://doppler.com/landscape1.jpg', 'location 1', 30, 100, 101, 102, 103, 'http://doppler.com/portrait1.jpg', 'title 1', '00000000-0000-0000-0001-000000000001', 20, '2019-10-10 09:00:00', '2019-10-11T10:00:00Z'),
 ('00000000-0000-0000-0002-000000000002', 20, 'description 2', 'http://doppler.com/landscape2.jpg', 'location 2', 40, 200, 201, 202, 203, 'http://doppler.com/portrait2.jpg', 'title 2', '00000000-0000-0000-0001-000000000001', 20, '2019-10-11 09:00:00', '2019-10-12T10:00:00Z'),
 ('00000000-0000-0000-0002-000000000003', 30, 'description 3', 'http://doppler.com/landscape3.jpg', 'location 3', 50, 300, 301, 302, 303, 'http://doppler.com/portrait3.jpg', 'title 3', '00000000-0000-0000-0001-000000000002', 20, '2018-10-10 09:00:00', '2018-10-11T10:00:00Z'),
 ('00000000-0000-0000-0002-000000000004', 40, 'description 4', 'http://doppler.com/landscape4.jpg', 'location 4', 60, 400, 401, 402, 403, 'http://doppler.com/portrait4.jpg', 'title 4', '00000000-0000-0000-0001-000000000002', 20, '2018-10-11 09:00:00', '2018-10-12T10:00:00Z'),
 ('00000000-0000-0000-0002-000000000005', 50, 'description 5', 'http://doppler.com/landscape5.jpg', 'location 5', 70, 500, 501, 502, 503, 'http://doppler.com/portrait5.jpg', 'title 5', '00000000-0000-0000-0001-000000000002', 20, '2018-10-12 09:00:00', '2018-10-13T10:00:00Z');

insert into event_session (id, location, speaker_name, speaker_photo_url, start, "end", title, event_id) VALUES
  ('00000000-0000-0000-0012-000000000001', 'location 1', 'speaker name 1', 'http://doppler.com/speaker1.jpg', '2019-10-10T09:00:00Z', '2019-10-10T10:00:00Z', 'title 1', '00000000-0000-0000-0002-000000000001'),
  ('00000000-0000-0000-0012-000000000002', 'location 2', 'speaker name 2', 'http://doppler.com/speaker2.jpg', '2019-10-11T09:00:00Z', '2019-10-11T10:00:00Z', 'title 2', '00000000-0000-0000-0002-000000000001'),
  ('00000000-0000-0000-0012-000000000003', 'location 3', 'speaker name 3', 'http://doppler.com/speaker3.jpg', '2019-10-10T09:00:00Z', '2019-10-10T10:00:00Z', 'title 3', '00000000-0000-0000-0002-000000000002'),
  ('00000000-0000-0000-0012-000000000004', 'location 4', 'speaker name 4', 'http://doppler.com/speaker4.jpg', '2019-10-11T09:00:00Z', '2019-10-11T10:00:00Z', 'title 4', '00000000-0000-0000-0002-000000000002'),
  ('00000000-0000-0000-0012-000000000005', 'location 5', 'speaker name 5', 'http://doppler.com/speaker5.jpg', '2018-10-10T09:00:00Z', '2018-10-10T10:00:00Z', 'title 5', '00000000-0000-0000-0002-000000000003');

insert into event_tags (event_id, tags) VALUES
  ('00000000-0000-0000-0002-000000000001', 'tag 1'),
  ('00000000-0000-0000-0002-000000000001', 'tag 2'),
  ('00000000-0000-0000-0002-000000000002', 'tag 3'),
  ('00000000-0000-0000-0002-000000000002', 'tag 4'),
  ('00000000-0000-0000-0002-000000000003', 'tag 5');

insert into topic (id, name, icon_url) VALUES
 ('00000000-0000-0000-0001-000000000001', 'name 1', 'http://doppler.com/icon1.jpg'),
 ('00000000-0000-0000-0001-000000000002', 'name 2', 'http://doppler.com/icon2.jpg'),
 ('00000000-0000-0000-0001-000000000003', 'name 3', 'http://doppler.com/icon3.jpg'),
 ('00000000-0000-0000-0001-000000000004', 'name 4', 'http://doppler.com/icon4.jpg'),
 ('00000000-0000-0000-0001-000000000005', 'name 5', 'http://doppler.com/icon5.jpg');

insert into carousel (id, title, media_url) VALUES
 ('00000000-0000-0000-0000-000000000001', 'title 1', 'http://doppler.com/carousel1.jpg'),
 ('00000000-0000-0000-0000-000000000002', 'title 2', 'http://doppler.com/carousel2.jpg'),
 ('00000000-0000-0000-0000-000000000003', 'title 3', 'http://doppler.com/carousel3.jpg'),
 ('00000000-0000-0000-0000-000000000004', 'title 4', 'http://doppler.com/carousel4.jpg'),
 ('00000000-0000-0000-0000-000000000005', 'title 5', 'http://doppler.com/carousel5.jpg');
 
insert into reward (id, title, icon_url, points_required, expiration_in_hours) VALUES
 ('00000000-0000-0000-0000-000000000001', 'title 1', 'http://doppler.com/reward1.jpg', 10, 100),
 ('00000000-0000-0000-0000-000000000002', 'title 2', 'http://doppler.com/reward2.jpg', 11, 101),
 ('00000000-0000-0000-0000-000000000003', 'title 3', 'http://doppler.com/reward3.jpg', 12, 102),
 ('00000000-0000-0000-0000-000000000004', 'title 4', 'http://doppler.com/reward4.jpg', 13, 103),
 ('00000000-0000-0000-0000-000000000005', 'title 5', 'http://doppler.com/reward5.jpg', 14, 104);
 
insert into badge (id, title, icon_url) values
  ('00000000-0000-0000-0003-000000000001', 'title 1', 'http://doppler.com/badge1.jpg'),
  ('00000000-0000-0000-0003-000000000002', 'title 2', 'http://doppler.com/badge2.jpg'),
  ('00000000-0000-0000-0003-000000000003', 'title 3', 'http://doppler.com/badge3.jpg'),
  ('00000000-0000-0000-0003-000000000004', 'title 4', 'http://doppler.com/badge4.jpg'),
  ('00000000-0000-0000-0003-000000000005', 'title 5', 'http://doppler.com/badge5.jpg');

insert into survey_question (id, question, type, event_id) values
  ('00000000-0000-0000-0004-000000000001', 'question 1', 'multipleChoice', '00000000-0000-0000-0002-000000000001'),
  ('00000000-0000-0000-0004-000000000002', 'question 2', 'singleChoice', '00000000-0000-0000-0002-000000000001'),
  ('00000000-0000-0000-0004-000000000003', 'question 3', 'text', '00000000-0000-0000-0002-000000000001'),
  ('00000000-0000-0000-0004-000000000004', 'question 4', 'singleChoice', '00000000-0000-0000-0002-000000000002'),
  ('00000000-0000-0000-0004-000000000005', 'question 5', 'singleChoice', '00000000-0000-0000-0002-000000000002');

insert into survey_answer_option (id, survey_question_id, answer_option) values
  ('00000000-0000-0000-0005-000000000001', '00000000-0000-0000-0004-000000000001', 'option 1'),
  ('00000000-0000-0000-0005-000000000011', '00000000-0000-0000-0004-000000000001', 'option 2'),
  ('00000000-0000-0000-0005-000000000002', '00000000-0000-0000-0004-000000000002', 'option 3'),
  ('00000000-0000-0000-0005-000000000004', '00000000-0000-0000-0004-000000000004', 'option 4'),
  ('00000000-0000-0000-0005-000000000005', '00000000-0000-0000-0004-000000000005', 'option 5');

insert into quiz_question (id, question, type, event_id) values
  ('00000000-0000-0000-0004-000000000001', 'question 1', 'multipleChoice', '00000000-0000-0000-0002-000000000001'),
  ('00000000-0000-0000-0004-000000000002', 'question 2', 'singleChoice', '00000000-0000-0000-0002-000000000001'),
  ('00000000-0000-0000-0004-000000000003', 'question 3', 'text', '00000000-0000-0000-0002-000000000001'),
  ('00000000-0000-0000-0004-000000000004', 'question 4', 'singleChoice', '00000000-0000-0000-0002-000000000002'),
  ('00000000-0000-0000-0004-000000000005', 'question 5', 'singleChoice', '00000000-0000-0000-0002-000000000002');

insert into quiz_answer_option (id, quiz_question_id, answer_option) values
  ('00000000-0000-0000-0005-000000000001', '00000000-0000-0000-0004-000000000001', 'option 1'),
  ('00000000-0000-0000-0005-000000000011', '00000000-0000-0000-0004-000000000001', 'option 2'),
  ('00000000-0000-0000-0005-000000000002', '00000000-0000-0000-0004-000000000002', 'option 3'),
  ('00000000-0000-0000-0005-000000000004', '00000000-0000-0000-0004-000000000004', 'option 4'),
  ('00000000-0000-0000-0005-000000000005', '00000000-0000-0000-0004-000000000005', 'option 5');

-- Mocked Tables - END   ---

insert into "user" (id, email, division, full_name, location, phone_number, position, photo_url, points, is_new, notified_by_new_events) values
  ('00000000-0000-0000-0000-000000000001', 'user1@doppler.com', 'division 1', 'user 1', 'location', '0123456789', 'position 1', 'http://doppler.com/user1.jpg', 100, false, true),
  ('00000000-0000-0000-0000-000000000002', 'user2@doppler.com', 'division 1', 'user 2', 'location', '0123456789', 'position 2','http://doppler.com/user2.jpg', 101, false, true),
  ('00000000-0000-0000-0000-000000000003', 'user3@doppler.com', 'division 1', 'user 3', 'location', '0123456789', 'position 3','http://doppler.com/user3.jpg', 102, false, true),
  ('00000000-0000-0000-0000-000000000004', 'user4@doppler.com', 'division 2', 'user 4', 'location', '0123456789', 'position 4','http://doppler.com/user4.jpg', 103, false, false),
  ('00000000-0000-0000-0000-000000000005', 'user5@doppler.com', 'division 3', 'user 5', 'location', '0123456789', 'position 5','http://doppler.com/user5.jpg', 0, true, false);

insert into user_topic (id, topic_id, user_id) values
  ('00000000-0000-0000-0000-000000000001', '00000000-0000-0000-0001-000000000001', '00000000-0000-0000-0000-000000000001'),
  ('00000000-0000-0000-0000-000000000002', '00000000-0000-0000-0001-000000000002', '00000000-0000-0000-0000-000000000001'),
  ('00000000-0000-0000-0000-000000000003', '00000000-0000-0000-0001-000000000003', '00000000-0000-0000-0000-000000000001'),
  ('00000000-0000-0000-0000-000000000004', '00000000-0000-0000-0001-000000000004', '00000000-0000-0000-0000-000000000001'),
  ('00000000-0000-0000-0000-000000000005', '00000000-0000-0000-0001-000000000005', '00000000-0000-0000-0000-000000000002');

insert into user_reward_point (id, created_at, description, points, user_id) values
  ('00000000-0000-0000-0000-000000000001', '2018-10-01', 'reward 1', 1, '00000000-0000-0000-0000-000000000001'),
  ('00000000-0000-0000-0000-000000000002', '2018-10-02', 'reward 2', 2, '00000000-0000-0000-0000-000000000001'),
  ('00000000-0000-0000-0000-000000000003', '2018-10-03', 'reward 3', 3, '00000000-0000-0000-0000-000000000001'),
  ('00000000-0000-0000-0000-000000000004', '2018-10-04', 'reward 4', 4, '00000000-0000-0000-0000-000000000001'),
  ('00000000-0000-0000-0000-000000000005', '2018-10-05', 'reward 5', 5, '00000000-0000-0000-0000-000000000002');

insert into user_event (id, event_id, ticket_scanned, submitted_survey, submitted_quiz, user_id) values
  ('00000000-0000-0000-0000-000000000001', '00000000-0000-0000-0002-000000000001', true, false, false, '00000000-0000-0000-0000-000000000001'),
  ('00000000-0000-0000-0000-000000000002', '00000000-0000-0000-0002-000000000002', false, false, false, '00000000-0000-0000-0000-000000000001'),
  ('00000000-0000-0000-0000-000000000003', '00000000-0000-0000-0002-000000000003', false, false, false, '00000000-0000-0000-0000-000000000001'),
  ('00000000-0000-0000-0000-000000000004', '00000000-0000-0000-0002-000000000001', true, true, true, '00000000-0000-0000-0000-000000000002'),
  ('00000000-0000-0000-0000-000000000005', '00000000-0000-0000-0002-000000000001', false, false, false, '00000000-0000-0000-0000-000000000003');

insert into user_badge (id, badge_id, user_id, gained_at) values
  ('00000000-0000-0000-0000-000000000001', '00000000-0000-0000-0003-000000000001', '00000000-0000-0000-0000-000000000001', '2018-10-10'),
  ('00000000-0000-0000-0000-000000000002', '00000000-0000-0000-0003-000000000002', '00000000-0000-0000-0000-000000000001', '2018-10-11'),
  ('00000000-0000-0000-0000-000000000003', '00000000-0000-0000-0003-000000000003', '00000000-0000-0000-0000-000000000001', '2018-10-12'),
  ('00000000-0000-0000-0000-000000000004', '00000000-0000-0000-0003-000000000004', '00000000-0000-0000-0000-000000000001', '2018-10-13'),
  ('00000000-0000-0000-0000-000000000005', '00000000-0000-0000-0003-000000000005', '00000000-0000-0000-0000-000000000002', '2018-10-14');

insert into event_comment (id, content, created_at, event_id, parent_comment_id, user_id, like_count) values
  ('00000000-0000-0000-0000-000000000001', 'content 1', '2018-10-01', '00000000-0000-0000-0002-000000000001', null, '00000000-0000-0000-0000-000000000001', 3),
  ('00000000-0000-0000-0000-000000000002', 'content 2', '2018-10-02', '00000000-0000-0000-0002-000000000001', null, '00000000-0000-0000-0000-000000000001', 1),
  ('00000000-0000-0000-0000-000000000003', 'content 3', '2018-10-03', '00000000-0000-0000-0002-000000000001', '00000000-0000-0000-0000-000000000001', '00000000-0000-0000-0000-000000000001', 1),
  ('00000000-0000-0000-0000-000000000004', 'content 4', '2018-10-04', '00000000-0000-0000-0002-000000000001', '00000000-0000-0000-0000-000000000001', '00000000-0000-0000-0000-000000000001', 0),
  ('00000000-0000-0000-0000-000000000005', 'content 5', '2018-10-05', '00000000-0000-0000-0002-000000000002', null, '00000000-0000-0000-0000-000000000002', 0);

insert into event_comment_like (id, created_at, event_comment_id, user_id) values
  ('00000000-0000-0000-0000-000000000001', '2018-10-01', '00000000-0000-0000-0000-000000000001', '00000000-0000-0000-0000-000000000001'),
  ('00000000-0000-0000-0000-000000000002', '2018-10-02', '00000000-0000-0000-0000-000000000001', '00000000-0000-0000-0000-000000000002'),
  ('00000000-0000-0000-0000-000000000003', '2018-10-03', '00000000-0000-0000-0000-000000000001', '00000000-0000-0000-0000-000000000003'),
  ('00000000-0000-0000-0000-000000000004', '2018-10-04', '00000000-0000-0000-0000-000000000002', '00000000-0000-0000-0000-000000000001'),
  ('00000000-0000-0000-0000-000000000005', '2018-10-05', '00000000-0000-0000-0000-000000000003', '00000000-0000-0000-0000-000000000001');

insert into notification (id, created_at, content, icon_url, "read", user_id, related_object_type, related_object_id) values
  ('00000000-0000-0000-0000-000000000001', '2018-10-01', 'content 1', 'icon 1', false, '00000000-0000-0000-0000-000000000001', null, null),
  ('00000000-0000-0000-0000-000000000002', '2018-10-02', 'content 2', 'icon 2', true, '00000000-0000-0000-0000-000000000002', null, null),
  ('00000000-0000-0000-0000-000000000003', '2018-10-03', 'content 3', 'icon 3', false, '00000000-0000-0000-0000-000000000003', null, null),
  ('00000000-0000-0000-0000-000000000004', '2018-10-04', 'content 4', 'icon 4', true, '00000000-0000-0000-0000-000000000001', null, null),
  ('00000000-0000-0000-0000-000000000005', '2018-10-05', 'content 5', 'icon 5', false, '00000000-0000-0000-0000-000000000001', null, null);

insert into survey_answer (id, survey_question_id, selected_survey_answer_option_id, text_answer, user_id) values
  ('00000000-0000-0000-0000-000000000001', '00000000-0000-0000-0004-000000000001', '00000000-0000-0000-0005-000000000001', null, '00000000-0000-0000-0000-000000000001'),
  ('00000000-0000-0000-0000-000000000002', '00000000-0000-0000-0004-000000000002', '00000000-0000-0000-0005-000000000002', null, '00000000-0000-0000-0000-000000000001'),
  ('00000000-0000-0000-0000-000000000003', '00000000-0000-0000-0004-000000000003', null, 'free text answer', '00000000-0000-0000-0000-000000000001'),
  ('00000000-0000-0000-0000-000000000004', '00000000-0000-0000-0004-000000000001', '00000000-0000-0000-0005-000000000004', null, '00000000-0000-0000-0000-000000000002'),
  ('00000000-0000-0000-0000-000000000005', '00000000-0000-0000-0004-000000000002', '00000000-0000-0000-0005-000000000005', null, '00000000-0000-0000-0000-000000000001');

insert into quiz_answer (id, quiz_question_id, selected_quiz_answer_option_id, text_answer, user_id) values
  ('00000000-0000-0000-0000-000000000001', '00000000-0000-0000-0004-000000000001', '00000000-0000-0000-0005-000000000001', null, '00000000-0000-0000-0000-000000000001'),
  ('00000000-0000-0000-0000-000000000002', '00000000-0000-0000-0004-000000000002', '00000000-0000-0000-0005-000000000002', null, '00000000-0000-0000-0000-000000000001'),
  ('00000000-0000-0000-0000-000000000003', '00000000-0000-0000-0004-000000000003', null, 'free text answer', '00000000-0000-0000-0000-000000000001'),
  ('00000000-0000-0000-0000-000000000004', '00000000-0000-0000-0004-000000000001', '00000000-0000-0000-0005-000000000004', null, '00000000-0000-0000-0000-000000000002'),
  ('00000000-0000-0000-0000-000000000005', '00000000-0000-0000-0004-000000000002', '00000000-0000-0000-0005-000000000005', null, '00000000-0000-0000-0000-000000000001');

insert into user_reward (id, expired_at, reward_id, user_id) values
  ('00000000-0000-0000-0000-000000000001', '2019-10-01', '00000000-0000-0000-0000-000000000001', '00000000-0000-0000-0000-000000000001'),
  ('00000000-0000-0000-0000-000000000002', '2019-10-02', '00000000-0000-0000-0000-000000000001', '00000000-0000-0000-0000-000000000001'),
  ('00000000-0000-0000-0000-000000000003', '2019-10-03', '00000000-0000-0000-0000-000000000001', '00000000-0000-0000-0000-000000000001'),
  ('00000000-0000-0000-0000-000000000004', '2019-10-04', '00000000-0000-0000-0000-000000000002', '00000000-0000-0000-0000-000000000001'),
  ('00000000-0000-0000-0000-000000000005', '2019-10-05', '00000000-0000-0000-0000-000000000003', '00000000-0000-0000-0000-000000000002');
